mean_val,std_dev,min_val,max_val,range_val,label
3.0089612222339754,0.013718118605889878,2.990610512281301,3.031584256310148,0.04097374402884668,0
2.984186835308351,0.01433127947261602,2.961734395106844,3.0062849466519053,0.04455055154506127,0
2.9955631287066113,0.015442625035684181,2.971505036275731,3.029312975378431,0.05780793910269999,0
2.9937978666776273,0.02172929942094554,2.9608065975224043,3.037045563690179,0.0762389661677747,0
2.9949435565478213,0.017087808502955746,2.9647391968927455,3.0211424445243784,0.05640324763163296,0
3.0039888285571554,0.013385792473555216,2.983215649535547,3.020619990449919,0.037404340914371836,0
2.9996988601702466,0.016703899559585535,2.9760758675183867,3.0271248005714164,0.05104893305302971,0
2.999045277537342,0.02570384416302518,2.947605097918205,3.0312928731162803,0.08368777519807535,0
3.0020289486407448,0.014030244240628256,2.983830127942136,3.0295578808948305,0.04572775295269427,0
2.9970161721413064,0.012380430737764242,2.9707297010373575,3.0193728998106577,0.048643198773300256,0
2.999011250967167,0.01645137988837499,2.971692585158992,3.0377237180242105,0.06603113286521856,0
3.0027574792982152,0.02274192350456897,2.961624575694019,3.0492648422497055,0.08764026655568635,0
3.001398484232481,0.021949589488197106,2.9719629787441546,3.0438091125161995,0.07184613377204485,0
2.9940740730476527,0.019000848216176577,2.9689867313786773,3.030998688100351,0.06201195672167348,0
2.998829955787542,0.018608910573563228,2.9678503353087753,3.0261428550856486,0.05829251977687333,0
3.003065497268371,0.016268134304901087,2.976173930055947,3.037315490222895,0.06114156016694805,0
3.006492404225279,0.018473774512142407,2.9805063665954536,3.037935859653079,0.05742949305762535,0
3.0071692958031293,0.020627385147011013,2.9822097114074895,3.0544033833317923,0.07219367192430282,0
2.995418790372919,0.01520775325443205,2.9697030555062827,3.014280009881842,0.0445769543755592,0
2.9962436864072286,0.013372829598513,2.97508522442576,3.0171279758864693,0.04204275146070913,0
3.0122730623382727,0.026363481137704085,2.972446612640858,3.0770546298130945,0.10460801717223633,0
3.0046848318236106,0.012605103700094442,2.9845434957092487,3.022711312803612,0.03816781709436334,0
2.998177571410571,0.024803878143032698,2.962654696148165,3.04629317133347,0.08363847518530498,0
3.000019770319892,0.021265804456644128,2.959497148266848,3.0428788817865065,0.0833817335196585,0
2.999941698115723,0.016889720352103926,2.9759940718588846,3.035309084805622,0.059315012946737244,0
3.0051713811532137,0.02260894692631411,2.96961260068092,3.0424431239402527,0.07283052325933292,0
2.986281007748318,0.02387820385364109,2.9351746531986187,3.0326482260786327,0.09747357288001401,0
2.999885468161639,0.016996256430534182,2.9712827569764113,3.0288254657813223,0.05754270880491097,0
3.0027992387431763,0.02323737632022581,2.96095824400955,3.0426606674931254,0.08170242348357526,0
3.003745220805675,0.011955494735453195,2.986141808094787,3.017991997508665,0.03185018941387785,0
3.0021918236889418,0.012882107189016834,2.9834200997815588,3.0255532979157684,0.04213319813420968,0
3.008824427590716,0.011025615860227485,2.993794664868131,3.0261095761430865,0.03231491127495545,0
3.005896704964747,0.019779313096996876,2.9757162277442455,3.041847745513709,0.06613151776946369,0
2.9960390558345815,0.011176402542113306,2.9820549125702835,3.019502394668355,0.03744748209807147,0
2.990266124709128,0.011998450260220558,2.9710383131700535,3.0048993314221746,0.03386101825212107,0
3.0013015102902374,0.013956651762216454,2.979949412707244,3.029507124338991,0.04955771163174694,0
3.004390623435993,0.012008344519398417,2.984539804322891,3.0306547782600517,0.04611497393716091,0
3.0135118501686593,0.020177736767834093,2.983834034292897,3.0437960586643533,0.05996202437145648,0
2.9957878857776477,0.020861491993161896,2.957522085513804,3.037523416784318,0.0800013312705139,0
3.0031580176788077,0.02351287063968804,2.9657373094181825,3.036629175317087,0.07089186589890462,0
2.9949118812479396,0.013093762572766648,2.9681114468241128,3.01245699864695,0.04434555182283706,0
3.003656010376252,0.01990822743145264,2.9693177165852878,3.0310230395104503,0.06170532292516251,0
3.0111470321535254,0.02291921632151886,2.964825210271538,3.0412149584976396,0.07638974822610178,0
2.9945833610250916,0.024606298973687064,2.959215356444798,3.032572310911426,0.07335695446662793,0
2.990827299260323,0.016590643439562777,2.9586511579992023,3.0133934509766007,0.05474229297739841,0
2.9923877067229316,0.013308208984534822,2.976042442148223,3.019102846410025,0.04306040426180191,0
3.0028926009204824,0.01524870484648273,2.9860054898401485,3.039294502658328,0.05328901281817933,0
3.007513809709586,0.029703466213042685,2.9539615767052885,3.061577616169105,0.10761603946381637,0
2.9923512306656237,0.01989503060314876,2.9678710735948486,3.0337428327014515,0.06587175910660292,0
2.998528173816176,0.019271968813220616,2.9723440053807133,3.0304624815453933,0.05811847616468002,0
2.997246829431204,0.01901365153788446,2.9720286485236174,3.0381883328094026,0.06615968428578523,0
2.999252816548614,0.01204449173297484,2.980448895104029,3.015107824516515,0.03465892941248594,0
2.9879794738981884,0.017448319124319572,2.9639023579867096,3.0114119733718634,0.04750961538515375,0
2.992559941983581,0.01538346509424567,2.9667695987546208,3.020125856184289,0.05335625742966821,0
2.997100011456352,0.021673983221229636,2.950567109997454,3.028831372413158,0.07826426241570372,0
3.000664288805321,0.009980884020000368,2.99024787551855,3.0233556412331963,0.03310776571464613,0
2.9968697982495716,0.024831035120963053,2.959237509296443,3.0415080159729087,0.08227050667646552,0
3.002185200716037,0.022420937742590144,2.955777293819842,3.033528746245506,0.07775145242566373,0
3.003843633560987,0.017803863185101815,2.9828783234818226,3.045413857156088,0.06253553367426523,0
2.999236885697568,0.011430906821133784,2.9804247256843537,3.020750798885158,0.04032607320080439,0
3.00409835589466,0.024364462963535102,2.9644255950219143,3.0375359162511613,0.07311032122924699,0
3.007736576801153,0.016850668580955956,2.9774902190540327,3.0489150395923366,0.0714248205383039,0
3.00804986816986,0.019569751795297324,2.9802079035948283,3.0376404899295006,0.0574325863346723,0
2.9897933691068785,0.020585325983275216,2.9661507074057036,3.030591006389212,0.06444029898350845,0
2.9935322524256582,0.022025770372299434,2.9460622671411687,3.0333804305057877,0.08731816336461895,0
3.0085524266322152,0.020825397124534725,2.9778694818251665,3.0514671960649973,0.07359771423983075,0
2.994772876540471,0.021266846022837335,2.9469806038321398,3.0300798597716536,0.08309925593951384,0
2.9982443324076082,0.024829244088534267,2.958532195351837,3.0350454088684726,0.07651321351663576,0
2.999176844566073,0.014417048051667294,2.975557443822161,3.0144334412808647,0.038875997458703626,0
3.0008618701283294,0.015506252951450052,2.974977728472294,3.023186596067285,0.04820886759499077,0
2.9951035075722556,0.026814675593217728,2.9583614118423256,3.0350958836396873,0.0767344717973617,0
3.001756320273312,0.008538848535246724,2.989101618263821,3.0220660376403305,0.032964419376509735,0
2.9940550907652863,0.014949529941313511,2.9657966321468674,3.0148652818804544,0.049068649733587044,0
3.006686919952876,0.019036440519647414,2.965948327915243,3.0333094888892513,0.06736116097400835,0
2.9869718828280942,0.014038130685477008,2.9631825153733673,3.0103531804093824,0.04717066503601508,0
3.0000118799834246,0.023729668812025515,2.972966307887673,3.0526476412967476,0.07968133340907446,0
3.0107555743469185,0.02249244226571808,2.985936471497482,3.051201690765376,0.06526521926789375,0
3.000746830895289,0.015468886072245789,2.968595505602191,3.019451088992535,0.050855583390343906,0
3.002071374001603,0.01717703359841365,2.96678078132968,3.0216156145110924,0.05483483318141236,0
3.0006085050794753,0.013664260484213271,2.9744650284835936,3.021063057066658,0.04659802858306428,0
2.9988339003768356,0.013077897844889346,2.98210785395561,3.0251151225114703,0.043007268555860456,0
3.00573531910139,0.016510223160506977,2.9702887925392605,3.0289395576870746,0.05865076514781409,0
3.0083814824032054,0.021212628317228185,2.9895427994569346,3.045977962472385,0.056435163015450485,0
2.994973938124203,0.01798805366588748,2.9731109897793147,3.0310100098562813,0.05789902007696668,0
3.0042393576478457,0.018424188498863823,2.977545559568754,3.0491060027982178,0.07156044322946364,0
2.9998850769384258,0.016100604309110318,2.9833528885379152,3.028410084959797,0.04505719642188177,0
3.0086382850440208,0.021248165491030112,2.969685117700055,3.040204090775327,0.07051897307527177,0
2.9991081683612664,0.0179305003679713,2.9724136154397094,3.0358911572703557,0.06347754183064636,0
3.014006756817361,0.01899027621901273,2.9893826245415935,3.0505386485174726,0.06115602397587905,0
3.0119275285452085,0.013240250335608475,2.983661286580255,3.0276431798207506,0.043981893240495396,0
3.007430406255515,0.017985245701448313,2.972802877180402,3.043265094466109,0.07046221728570723,0
3.004928194121579,0.010610178558941355,2.9910713277089895,3.0315490655952697,0.040477737886280174,0
3.0009397776595033,0.01933938482780781,2.9695362619043246,3.0313104805846867,0.061774218680362036,0
2.99396788724923,0.022124023768215078,2.9560238808675985,3.0376231413888117,0.08159926052121325,0
2.9978001013313422,0.020133926901588505,2.969489496581505,3.036932739920953,0.06744324333944807,0
3.006310287155035,0.014062307871208499,2.974969211516191,3.028875292081465,0.05390608056527402,0
3.0077627936330833,0.019022234253799904,2.971384497957639,3.0360188086582163,0.06463431070057712,0
2.987199348699485,0.02044761044537553,2.951522413467421,3.0168128709797744,0.0652904575123534,0
3.0024425705007785,0.015502260845968374,2.976832706216149,3.030067966035343,0.05323525981919408,0
2.9967893983718277,0.019858819391468874,2.959165302631514,3.0359537305369906,0.07678842790547646,0
3.0097461478724346,0.012799592804520999,2.9870612644458885,3.02798710873172,0.04092584428583157,0
3.0076069122240585,0.019082349430066575,2.9862162436382085,3.0415052174525052,0.05528897381429676,0
3.0079593566052822,0.018134789335068523,2.9795441486960317,3.042845407172237,0.06330125847620538,0
2.9975853366599154,0.02077256307381504,2.966628318522448,3.0314797352658007,0.06485141674335271,0
3.0098176217107357,0.01960366911401326,2.968472156860315,3.0336785538291573,0.06520639696884212,0
3.001246354066054,0.011634237390372915,2.986567532641239,3.023454580385187,0.03688704774394802,0
2.991190090335319,0.025189815669876537,2.9430291475873984,3.0232165357475704,0.08018738816017201,0
3.0001854892492474,0.01865326768421293,2.968868362026805,3.030015195812686,0.06114683378588115,0
3.005365721622385,0.014825744092871613,2.993014845913631,3.0415349596712167,0.04852011375758547,0
3.0013318521740238,0.015487138401852271,2.9600359863093577,3.0183265534940498,0.058290567184692055,0
3.0019368748659265,0.029338425247961687,2.942074892436126,3.0417674940956148,0.09969260165948857,0
3.01101086045923,0.014332122367545871,2.996186351984733,3.0480683117047653,0.05188195972003218,0
3.0041767027320594,0.018616625883877906,2.9770730921396265,3.0326686306460218,0.055595538506395314,0
3.0095817791184087,0.014906710313014023,2.97544784369726,3.032274225381173,0.05682638168391296,0
2.998214778290211,0.018444810740856053,2.971198982348114,3.0318901012644996,0.060691118916385456,0
2.999532435617943,0.026911456497962657,2.9569321977279257,3.045048716106886,0.0881165183789605,0
3.0072304806427086,0.03171182548168024,2.9500118857025286,3.0487950481267854,0.09878316242425678,0
2.9923272229174365,0.014023217323061575,2.966140863716092,3.0151785717957353,0.04903770807964314,0
2.9984908851838417,0.01933212685632456,2.9685899879275364,3.027840045726892,0.05925005779935555,0
2.9989163040507534,0.01693938145160738,2.9681401253293664,3.0272828085994767,0.0591426832701103,0
2.998865890242301,0.0160531989033216,2.971947894564006,3.034991534863739,0.06304364029973275,0
3.0002156933701265,0.020801828137291752,2.975122735292174,3.042902982555468,0.06778024726329379,0
3.0058518029994135,0.016868171926030583,2.9762480316194098,3.044210460031827,0.06796242841241718,0
3.0094421340737454,0.025337843527820928,2.9726039404084186,3.0515941867530865,0.07899024634466789,0
2.987779273890456,0.010599418342425785,2.9688820870759276,3.004675718235815,0.03579363115988743,0
3.0017871371153384,0.021244232804671595,2.960125287148571,3.0334514477367542,0.07332616058818342,0
2.996986981120479,0.015689575186981324,2.9717257100619006,3.0247218635042086,0.052996153442308014,0
3.0084842433448333,0.01812602867360589,2.9781537447065483,3.0463865907996337,0.06823284609308544,0
2.989888376805004,0.02075926404882483,2.9569421881409506,3.0191340463358918,0.06219185819494122,0
3.0098296594985983,0.015197384830709633,2.9941945091162268,3.0498599903486556,0.05566548123242887,0
3.0012218896018417,0.013409551278964591,2.9820306403641794,3.0217179113166317,0.03968727095245228,0
2.998544903421485,0.015767534861293203,2.973763275352997,3.027804150980346,0.05404087562734938,0
2.9947963288621837,0.016101547608938248,2.9604906686729224,3.0119985745999243,0.05150790592700183,0
3.0054094889797005,0.015681886615474674,2.9877319467291814,3.030615016646874,0.04288306991769275,0
2.996089230577513,0.023386246056452665,2.948921577301961,3.0238129254957267,0.07489134819376586,0
2.987421959280303,0.02121242729357135,2.948179154157102,3.015183103206053,0.06700394904895113,0
2.9969197550855933,0.013217870547547465,2.980538621182369,3.02393143003329,0.04339280885092123,0
3.0028127453045976,0.024237212105647735,2.967728772042465,3.0365201942709388,0.06879142222847356,0
3.009849668941434,0.018584835552237635,2.9849316425930765,3.04314616426531,0.0582145216722334,0
2.9999526348145635,0.01953667309285523,2.9730574742094062,3.0402677449505324,0.06721027074112618,0
3.0022793239246526,0.019167015035727594,2.971563786665163,3.0300266730391097,0.0584628863739467,0
3.014303091504792,0.015229718135002415,2.9871296353923973,3.043300046898022,0.05617041150562452,0
2.995700814153649,0.022220929558573594,2.96067286821248,3.0411241425988065,0.0804512743863266,0
3.0082010107687314,0.0121543333783343,2.9883384512286213,3.0321469115204,0.04380846029177876,0
3.003572355560073,0.01543116759791497,2.974063361040883,3.0247656614286726,0.050702300387789556,0
3.0135113304974377,0.02145251186815169,2.9647847448168836,3.0520336622836077,0.08724891746672414,0
2.9977981053264133,0.017227338746118988,2.975514035274213,3.033398090087028,0.05788405481281522,0
2.9986090710966358,0.012616738577005125,2.982250156443958,3.023932629732913,0.04168247328895536,0
2.998783809345846,0.023426598844797236,2.9647838237603845,3.034539277024668,0.06975545326428367,0
3.020122613934569,0.02058215315582483,2.9887150480268523,3.051163985713365,0.06244893768651272,0
2.715998551764216,0.05658006871110386,2.6345440893262158,2.818202406484421,0.18365831715820535,1
2.6908082517158944,0.08909668738566895,2.5506770706341553,2.848327405306735,0.29765033467257984,1
2.725224903089483,0.08219805217321197,2.6104306053368793,2.850766904474769,0.24033629913788968,1
2.6394079412641225,0.08183226031736222,2.470219022937468,2.7410880085255775,0.27086898558810946,1
2.7328950544655526,0.07236396624058837,2.6201291648649367,2.8417801277335797,0.22165096286864294,1
2.6957133319274496,0.059032179396789966,2.6297613930594754,2.819415085516762,0.18965369245728647,1
2.673104591226098,0.07879579966471055,2.506060779178165,2.770723631708884,0.2646628525307193,1
2.6753000272709686,0.07400564241085053,2.5707894547275596,2.793179148356574,0.2223896936290144,1
2.7046796325097167,0.049854337470807905,2.6187342544817285,2.7918909879542975,0.173156733472569,1
2.6675502600534005,0.11536718255350852,2.4662919613204317,2.8645996375769363,0.39830767625650454,1
2.7010306096582553,0.0666579163971419,2.623733711339303,2.829974276677565,0.20624056533826174,1
2.717855585024305,0.09863114949192496,2.5749447353042676,2.955448605427589,0.38050387012332143,1
2.7290699741993185,0.0771539178977358,2.584937761734611,2.849863822097404,0.264926060362793,1
2.697998654747614,0.07665127363311741,2.6145973668596585,2.865001993539452,0.25040462667979346,1
2.7460049552832935,0.07728808728743651,2.6150085177482496,2.9071650913614895,0.2921565736132399,1
2.7192729955168966,0.05247761108901719,2.619476594777629,2.805407802848637,0.18593120807100805,1
2.6970141806375265,0.08216353755035238,2.5302516080793125,2.8053692053871893,0.27511759730787677,1
2.7214263642712737,0.07231382379644152,2.62620718524012,2.8292300551575553,0.20302286991743523,1
2.6965580540692438,0.05228410932803989,2.605676816707216,2.7950143510769254,0.18933753436970946,1
2.7057426374170888,0.07427863130818153,2.59232162558026,2.855114319924663,0.262792694344403,1
2.7337447370183514,0.05918206696592583,2.622037655626349,2.8519905547916173,0.2299528991652684,1
2.6986562850010323,0.07070008024644282,2.526186436318877,2.788566453542958,0.2623800172240811,1
2.733886766743894,0.06180929248702843,2.6251649038364326,2.84705469414361,0.22188979030717748,1
2.6906214780009874,0.07780558929281256,2.570695151325073,2.8368490698065543,0.2661539184814812,1
2.72349275905141,0.048588813987358155,2.6258117492647544,2.792950264208655,0.16713851494390086,1
2.7089393146830694,0.10976256322409565,2.4837414165600613,2.828982260639092,0.34524084407903066,1
2.7194879828151364,0.0841091413939737,2.571842735048227,2.8736754173998253,0.30183268235159844,1
2.6798207151283395,0.061954875570158996,2.5943981991023435,2.8356040832344602,0.24120588413211674,1
2.675912482245036,0.07423728435562714,2.57962237007752,2.8072360356818518,0.22761366560433194,1
2.6855562174534784,0.06291316375278855,2.5499862024283404,2.786080571087888,0.2360943686595478,1
2.6705666590355124,0.09616640419447697,2.5557488258995247,2.8520952548602407,0.29634642896071606,1
2.675550324356411,0.07902345317961461,2.527854767893656,2.828977650260434,0.3011228823667782,1
2.6993770117418805,0.05001838340315483,2.6127680738045727,2.812874590379702,0.20010651657512923,1
2.7052339532379177,0.046469876096219616,2.6085019034143473,2.7762509307130596,0.16774902729871233,1
2.687696793940669,0.07238727314384637,2.549452076360189,2.801256627269176,0.25180455090898723,1
2.7230079782968164,0.07425494041705151,2.604509053459482,2.842024871408761,0.23751581794927912,1
2.700166201254762,0.08952199992117335,2.5601174421409456,2.8043472194302526,0.24422977728930695,1
2.6887703595774286,0.07707671168896266,2.5653249446223243,2.8116547048631966,0.24632976024087228,1
2.7010683410725345,0.06476097574947544,2.6012520902496066,2.829246625883859,0.22799453563425232,1
2.709229016576196,0.047579038985725186,2.6650891287578746,2.8278917736403777,0.16280264488250307,1
2.687981527949855,0.06825577816833953,2.57432990783452,2.7938499710069316,0.21952006317241146,1
2.7056809075338792,0.09254910049544642,2.555915381267781,2.878504011695411,0.32258863042762975,1
2.694662621654955,0.11951630367831537,2.497576998180294,2.865926613579998,0.3683496153997039,1
2.7139397291839362,0.08910487223969184,2.579762373728388,2.911547467761363,0.3317850940329752,1
2.712134338392347,0.03705203270712107,2.6686681146062567,2.790084020061774,0.12141590545551706,1
2.707916297879996,0.12316229889218422,2.5291460628817046,2.9510198826928,0.4218738198110952,1
2.721059466787064,0.0337655600652761,2.684212926375414,2.7907016077493654,0.10648868137395118,1
2.6984191332059213,0.08957921857978757,2.4647689092268577,2.7899290175988813,0.3251601083720237,1
2.7030586146987994,0.06465319833764634,2.5896305468168856,2.776250003630087,0.18661945681320136,1
2.7244572080027836,0.05553416175026153,2.629450027901783,2.7951130697179716,0.16566304181618863,1
2.677444266355546,0.06205613120913686,2.5485108266436973,2.775005611010125,0.22649478436642756,1
2.6494728083117285,0.06883015448496937,2.5396910108474597,2.76635798735454,0.22666697650708034,1
2.702487727343758,0.10688014569195843,2.458439027534334,2.8440408945208686,0.3856018669865344,1
2.7217926111700463,0.09337300035807941,2.558473927608871,2.9207728031128863,0.3622988755040155,1
2.6891286748077197,0.042544086235358575,2.634206405409424,2.789682453385958,0.15547604797653403,1
2.681482530363581,0.05658326511202284,2.592330326122143,2.7699511344570182,0.17762080833487515,1
2.7036739214434546,0.08056956372138481,2.504894627337886,2.8138198508879952,0.30892522355010943,1
2.7222703743976844,0.05223868946871649,2.650587848365252,2.7988904577444975,0.14830260937924544,1
2.6634699861767372,0.080087628969498,2.516305523749021,2.81619740275766,0.2998918790086389,1
2.6994935594205653,0.06996115193871363,2.575699298718715,2.7831289429936215,0.20742964427490662,1
2.7015658470525006,0.07495291163664096,2.604847048570614,2.8314138362604773,0.22656678768986316,1
2.656664999032259,0.06620987192193717,2.495013307296375,2.7592659476336103,0.26425264033723517,1
2.738813835432518,0.07206800661973356,2.6055349747752925,2.8930092337290336,0.2874742589537411,1
2.697914955101799,0.06947601771429465,2.582597978739805,2.8239216121196153,0.24132363337981033,1
2.68179008011823,0.07079305519147712,2.568544895107667,2.819189075088167,0.25064417998050015,1
2.7080568028859786,0.06648622780213406,2.599186818786194,2.8329176132582417,0.2337307944720477,1
2.6960221379877436,0.07529915411327008,2.599393771286831,2.82644325492547,0.22704948363863897,1
2.72084140318058,0.08837956038948645,2.5713871178305556,2.867163097735582,0.29577597990502635,1
2.6874819479428527,0.08656815139879691,2.52305104709364,2.8226746961037064,0.29962364901006655,1
2.694754626257133,0.07994465085005041,2.5721500518493006,2.8619447698629483,0.28979471801364776,1
2.7166548956449654,0.07425065951259646,2.5965381633703073,2.8443478487829394,0.24780968541263215,1
2.707440241132181,0.0705722518589099,2.599967381282423,2.8679777431333213,0.26801036185089844,1
2.701513360094626,0.08068970483709248,2.5506768038911507,2.813568240361091,0.2628914364699404,1
2.683101578209966,0.0753595455541838,2.542391694583053,2.771407787063945,0.22901609248089194,1
2.7106200557277544,0.08986643646693236,2.574860671063116,2.858115246761239,0.2832545756981233,1
2.6767395159741576,0.09137653654526509,2.4916628914698293,2.820892394419788,0.3292295029499588,1
2.7066707773967993,0.07319077869859253,2.5577129932794787,2.7988625753457725,0.2411495820662939,1
2.681642433852514,0.05707434773856935,2.6080964771873076,2.7543498626365204,0.14625338544921274,1
2.6933115232957516,0.07691027404379885,2.5619354616967525,2.813789588935881,0.25185412723912837,1
2.7212339715105935,0.07888233536810121,2.5797535758592147,2.8391119731038064,0.25935839724459164,1
2.754971115882139,0.09022899936850667,2.620155149814847,2.948793484480429,0.3286383346655817,1
2.7148247981464944,0.06455235456319752,2.6119876613622646,2.843616908472986,0.23162924711072153,1
2.732637503680724,0.05736981671094334,2.612663929908855,2.833959394667803,0.2212954647589478,1
2.6929784036826687,0.05220745326385338,2.5785701002655355,2.771230653081583,0.19266055281604766,1
2.6919155857099435,0.07389132402610112,2.5277325664103008,2.787772216940296,0.2600396505299951,1
2.706994234951375,0.07494775442333683,2.5579011813681345,2.796955518830912,0.2390543374627776,1
2.667911035763065,0.093159206250182,2.5634113633925644,2.82269821679332,0.25928685340075575,1
2.705476100375816,0.06211588995653963,2.593916185113437,2.815879938391434,0.221963753277997,1
2.687354729895678,0.05692692688132367,2.6228992859031512,2.7828199467779005,0.1599206608747492,1
2.635163675038496,0.052946043978860685,2.552304971020953,2.7165813863519155,0.1642764153309626,1
2.706751565701347,0.0792166441075086,2.5960335010457922,2.8338761672238832,0.23784266617809102,1
2.7124968639746796,0.07303774286106063,2.5938822297351134,2.8230345534730046,0.22915232373789118,1
2.717818638497879,0.0636936132693699,2.5775113997955423,2.793567199394222,0.2160557995986796,1
2.6828323952753994,0.05418631381901569,2.5714738319409056,2.7660837737153208,0.19460994177441515,1
2.706996041188878,0.0741616938945778,2.596618984391551,2.839966712336434,0.24334772794488302,1
2.702155075668515,0.059782261320516665,2.626704646761501,2.818979692426874,0.19227504566537323,1
2.7125467041822877,0.05492256846860238,2.6009870062138165,2.7709832669813395,0.16999626076752294,1
2.7229752649608985,0.0929160426443778,2.589516431747698,2.889109799569549,0.299593367821851,1
2.7025806399882195,0.09033069197106797,2.546426147504188,2.8594012282534496,0.3129750807492617,1
2.7030027363613782,0.061582294267692655,2.5994794484576595,2.8154905602775053,0.21601111181984578,1
2.7016394653329483,0.1055967163726294,2.5919140507033585,2.935927554024698,0.3440135033213396,1
2.686486965869815,0.06423093388898353,2.5224559701801974,2.7439107068253894,0.221454736645192,1
2.752572096025372,0.0876102996970564,2.609528925173927,2.938820720208273,0.3292917950343459,1
2.6934008660134694,0.06081538435692111,2.6003426098842892,2.778065337547577,0.17772272766328756,1
2.7122682101662057,0.10021560677012731,2.5897905999396613,2.894137318907642,0.3043467189679805,1
2.676645816716584,0.10672801559278816,2.4891401808786497,2.8496772140297426,0.36053703315109287,1
2.6790196365674803,0.05333659222397691,2.618888323816597,2.7686760893325335,0.1497877655159363,1
2.7339910742514983,0.09732741067093922,2.5841126868293167,2.9096634472823983,0.3255507604530816,1
2.7001337109838652,0.06097475026408764,2.594460224432099,2.7978855105934906,0.20342528616139166,1
2.6976770983019973,0.07838521320578516,2.520248853281232,2.798995050774731,0.27874619749349927,1
2.6637671156893417,0.0867449738197332,2.5235547154320748,2.801990003302298,0.2784352878702232,1
2.714671062675318,0.05714615927981848,2.608985146366015,2.8164657857717414,0.20748063940572647,1
2.7297220811220444,0.059475799355214146,2.6311129671861146,2.8128367316162803,0.1817237644301657,1
2.736297688997964,0.05404960652890559,2.617398087717797,2.835996589966111,0.21859850224831368,1
2.678871704653009,0.07374647776512136,2.5875546384657087,2.844744507978649,0.2571898695129402,1
2.7229839620086445,0.06747218801849236,2.612645287968375,2.8215427138913416,0.20889742592296656,1
2.6797429281679226,0.07072939433542598,2.5906289754831806,2.7678539370133337,0.1772249615301531,1
2.662019344314751,0.06423414004206446,2.5429899446661937,2.7465621253667782,0.20357218070058458,1
2.7138694969660677,0.05446072657599112,2.5771542301434316,2.7605430943989586,0.18338886425552703,1
2.7164096793456207,0.07109454997198181,2.5950224645254876,2.814509342546495,0.2194868780210073,1
2.757511648055277,0.056640032113777654,2.6718868611429016,2.8609816356560613,0.1890947745131597,1
2.6929924082651033,0.08479808142396217,2.53199787938787,2.8225894179742497,0.29059153858637954,1
2.739700786322448,0.08904674322557454,2.615287393035472,2.857006975242464,0.24171958220699175,1
2.7517630557040653,0.0753156265722532,2.6296148517198357,2.8589648889359554,0.22935003721611968,1
2.6834064050000057,0.0730181638305798,2.497635193784456,2.744651161161481,0.24701596737702491,1
2.7089206712414464,0.07226627599385904,2.6095507732049983,2.8404380558652393,0.23088728266024106,1
2.7069658631754505,0.04677257500847196,2.635654739227201,2.7716284344610083,0.1359736952338073,1
2.6717291251195836,0.03968212085555795,2.5761105360909005,2.7383553214468854,0.16224478535598497,1
2.658396603222664,0.049902764311645406,2.5963106668600084,2.769961365930602,0.17365069907059372,1
2.672374251721739,0.05634328481308975,2.557130680645271,2.7476023572668455,0.19047167662157438,1
2.6984247777771246,0.09266683931855996,2.557900293322684,2.91544269311844,0.3575423997957561,1
2.7210313458212543,0.08433725303891816,2.5457861936523516,2.846604563478336,0.30081836982598453,1
2.7202697486023415,0.06988874729103876,2.5875848122557144,2.8363284413004397,0.24874362904472536,1
2.7296573317124477,0.10203716748667725,2.5636902730538624,2.877502418675851,0.31381214562198867,1
2.665075861029546,0.06686521975638944,2.5786685960463367,2.8181547540894623,0.23948615804312556,1
2.70424716689588,0.061869503090476244,2.6116109765549984,2.797436732184445,0.18582575562944648,1
2.6973684773748334,0.060569889165305965,2.611816628013086,2.7983184401991252,0.18650181218603912,1
2.657674157088578,0.0553475562750838,2.533037838511835,2.736670936284119,0.203633097772284,1
2.6448376967846285,0.10001012774922681,2.4801996125819814,2.811067022256676,0.33086740967469463,1
2.724554126589955,0.13244950037465625,2.529554681615424,3.014099016514906,0.484544334899482,1
2.6822736425154097,0.06310754821270226,2.5786261042662657,2.800571937349006,0.2219458330827404,1
2.7341698468651905,0.06068184465354549,2.6415234979427624,2.847888706663713,0.20636520872095065,1
2.7221866577291554,0.05020193005209608,2.6424934089913017,2.826249444604975,0.18375603561367315,1
2.6997032617187786,0.07530971044206675,2.5688412669979654,2.8178136540600787,0.24897238706211322,1
2.6634649722865302,0.08994709675400861,2.4607091223279425,2.779725640846356,0.3190165185184135,1
2.7439559093387222,0.0757396163606546,2.6114965190070696,2.839789055833245,0.22829253682617523,1
2.6694175767273602,0.06392485534506262,2.5543517359561188,2.7978466453676263,0.24349490941150753,1
2.7065269517193338,0.09088606553767929,2.547019601966418,2.858982079938465,0.3119624779720467,1
2.7095583360569835,0.09101527016596515,2.5676090051017364,2.892934134046274,0.3253251289445376,1
2.7023904932688527,0.05856758121557692,2.60065915396147,2.821311524420286,0.22065237045881592,1
2.0495451962648796,0.2332022824502292,1.7184384884245218,2.4775375314680383,0.7590990430435165,2
1.9950347699538724,0.24394349959791425,1.5335688803778864,2.365159329508438,0.8315904491305517,2
2.0877117793927957,0.17046038323078422,1.726051660060916,2.340052349947766,0.61400068988685,2
2.0097813272020675,0.16828425615703166,1.6023345293174023,2.1907017425108934,0.5883672131934912,2
2.1303019792100786,0.1827088606446429,1.6900117442845044,2.3394493847290456,0.6494376404445412,2
2.015515191592713,0.16726149154586925,1.8256652605539068,2.4469873151673616,0.6213220546134548,2
2.1172063672494588,0.16042757118413037,1.7971059381638468,2.4509866143294485,0.6538806761656017,2
2.19332180400589,0.19902110439205745,1.8461339006906603,2.463612384511565,0.6174784838209049,2
2.0547131393472178,0.21459605834302034,1.7065860592825697,2.3437941579587327,0.637208098676163,2
2.1351615060849913,0.17799068553645617,1.736404154922569,2.3558929863315505,0.6194888314089815,2
2.1072121046709915,0.2139879221615224,1.7260367320935672,2.429896178864784,0.7038594467712169,2
2.0887849304488983,0.17453343514202985,1.858104612916239,2.431081422617659,0.5729768097014198,2
2.0741567890567527,0.16656255620200444,1.7181287824985416,2.363660464970534,0.6455316824719923,2
2.105149560173511,0.17523274660731852,1.753759739311015,2.398987645490647,0.6452279061796322,2
2.029856563639431,0.16269280469558825,1.674554515929701,2.269354155043299,0.5947996391135979,2
2.0006990743695985,0.23763294419487951,1.5186023561356716,2.3657281656496463,0.8471258095139746,2
2.0009011567597312,0.11957636484391636,1.7496342386496562,2.1911808390341405,0.44154660038448434,2
2.0377899415605194,0.17691240070578293,1.8066429618768647,2.295062491695596,0.48841952981873127,2
2.1607192898962655,0.20387014303012513,1.8606422707147376,2.4659240403432174,0.6052817696284798,2
2.0489230280003894,0.2520738921220139,1.7233699583882833,2.5563303673077686,0.8329604089194853,2
2.1378324165047276,0.144335065758195,1.9095367238522407,2.3557731626626786,0.44623643881043784,2
2.170368819158574,0.24039121424896964,1.7686753584644452,2.456359781754212,0.6876844232897668,2
2.144241371205518,0.1731238386608474,1.889971852079571,2.3741072287993426,0.4841353767197716,2
2.0636204163456258,0.2360251857622195,1.6948384253777247,2.4822838174279447,0.78744539205022,2
2.1189879192334042,0.2600393429354968,1.7284197097203426,2.6736806111333538,0.9452609014130111,2
2.1828734929174627,0.14387934349617637,1.9237863326677416,2.3872670811411956,0.463480748473454,2
2.1460854705084764,0.1710963821026951,1.9190771250012468,2.48824348729275,0.5691663622915031,2
2.1578246740789186,0.15029392032207914,1.916745179887255,2.371088560221099,0.45434338033384414,2
2.0275353451976907,0.2016027047976066,1.669523291078164,2.4006839656857997,0.7311606746076356,2
2.0795645538786127,0.2741028880292626,1.6024382686929841,2.4352786054416407,0.8328403367486565,2
2.168164673342683,0.16475121628468417,1.8948494632719446,2.452237624973475,0.5573881617015304,2
2.1559912152806984,0.2375667570509493,1.86362517491584,2.564008144403452,0.7003829694876123,2
2.074620718323318,0.16543056506054907,1.790207894989305,2.3207754686632516,0.5305675736739466,2
2.1474754143013928,0.2420369399968546,1.7908540426618536,2.4592721645853928,0.6684181219235392,2
2.1635785070941225,0.187470829354048,1.8947261584668216,2.4256937109544645,0.5309675524876429,2
2.026280318928213,0.145660590247007,1.6742531811170376,2.19163362295774,0.5173804418407024,2
2.008752768633889,0.21867528833482539,1.741221500426422,2.4906518275053138,0.7494303270788918,2
2.056240897926897,0.21910859170677727,1.7634682611754628,2.461439328727577,0.6979710675521142,2
2.2079948046796054,0.17046016342022155,1.9367565510916072,2.5330112135613208,0.5962546624697136,2
2.1383769902546357,0.25598772379961915,1.7846007035618006,2.554289949084559,0.7696892455227586,2
2.133883806743582,0.21586764018653073,1.5935507829560631,2.509372439143912,0.9158216561878487,2
2.0721616872467066,0.18012459196717923,1.8414749305695475,2.498310660440947,0.6568357298713994,2
2.1526005069642395,0.17568734319254262,1.7447976491903197,2.3769064095187815,0.6321087603284619,2
2.174008523381979,0.20592141327996727,1.8423384765072925,2.5544869440893763,0.7121484675820837,2
2.0819522267035886,0.15003710835004813,1.8717982980494523,2.417725385608719,0.5459270875592668,2
2.0252422738654245,0.25482088425439386,1.5141102619995466,2.5105944049003326,0.996484142900786,2
2.153174017734073,0.19078224285298245,1.832654912224814,2.4794577389546224,0.6468028267298085,2
2.064597666046481,0.21574108994862204,1.6788706116319352,2.3772698794525686,0.6983992678206334,2
1.9963266013077674,0.2171891661786257,1.5793725824345404,2.4060390397726703,0.8266664573381299,2
2.1418930180627576,0.14256356778019347,1.9929366574864682,2.487030808012046,0.4940941505255778,2
2.0800821806289194,0.13373667328322975,1.82550689042318,2.336128182490429,0.510621292067249,2
2.098203774784012,0.25316540051065856,1.6566362321291872,2.4424080568035786,0.7857718246743914,2
2.0180858000214186,0.2747402562491036,1.6013458359339845,2.5135812676327105,0.912235431698726,2
2.2072018242080147,0.22316042505497918,1.8521894594946715,2.519168700361832,0.6669792408671606,2
2.185594462476995,0.18077464576695784,1.87768395009729,2.3933081718557205,0.5156242217584306,2
2.064757418353577,0.23976133218142243,1.7319844510988496,2.602311310316885,0.8703268592180353,2
2.138449799812264,0.19468410225583446,1.6620156590042894,2.338918444102746,0.6769027850984568,2
2.0438877153718007,0.15178743699937627,1.8459877822575936,2.3623967477147896,0.516408965457196,2
2.143217230800541,0.2506170192599962,1.841298474959181,2.524954280603392,0.6836558056442112,2
2.2008958412790816,0.21432151818147008,1.8041111553720552,2.560727750420958,0.7566165950489026,2
2.0807204495951526,0.2031222514488641,1.8300847576896937,2.509962419157185,0.6798776614674915,2
2.1521814190624675,0.1236402988985694,1.9028392382664348,2.3389525723753875,0.4361133341089527,2
2.015027091840406,0.2252041969745709,1.7043549501250381,2.4795534033491955,0.7751984532241574,2
2.130474945173066,0.08628122070850021,1.9731428304621195,2.248837142063007,0.27569431160088764,2
2.043872707464798,0.1146070299263447,1.8771907099676013,2.2565747469897146,0.3793840370221133,2
2.127703915887466,0.2057856629664188,1.6827044683257832,2.5425062078794487,0.8598017395536655,2
2.1210164101576163,0.13870185217116443,1.8484263688182225,2.338547033083283,0.4901206642650604,2
2.152360815375057,0.1353374617977331,1.8713961375852544,2.338341499421413,0.46694536183615853,2
2.170420689100702,0.20682774336259055,1.8760907743233664,2.5970379833357784,0.720947209012412,2
2.1935353975033562,0.12036359838257814,1.9856507916087878,2.3436389423508515,0.3579881507420637,2
2.14445868544948,0.16358441807366988,1.916735816185316,2.390523349097236,0.4737875329119199,2
2.130287899950694,0.31704640934797707,1.6734808747690328,2.748618593918947,1.075137719149914,2
2.0457171206581224,0.2679641730795598,1.6367712274062247,2.4406345219836076,0.8038632945773829,2
2.0298334373467144,0.16876264074458178,1.6963024271222724,2.2716028390604293,0.5753004119381568,2
2.0415164624918334,0.20068454129427707,1.6645869907114292,2.3857715415627134,0.7211845508512842,2
2.105744346081411,0.20811496855579173,1.7062153715167834,2.508415208028749,0.8021998365119658,2
2.1200910887580737,0.13843454445252257,1.90492679454435,2.360701586386952,0.45577479184260206,2
1.9488354964232397,0.19249838133374747,1.6848823981842935,2.3003649707363873,0.6154825725520938,2
2.062748804515434,0.14666050552603901,1.865553249312672,2.360655607463213,0.49510235815054093,2
2.058221510623302,0.09794348570487975,1.8968242346020043,2.217233160078557,0.32040892547655253,2
2.002123537402317,0.1962105369330383,1.7062991573123893,2.262159729118342,0.5558605718059528,2
1.970432795203695,0.13033280275185002,1.7413787094930848,2.1840383085789985,0.4426595990859137,2
2.12965585102858,0.14309589403865758,1.8647653326890439,2.3363782185919924,0.4716128859029485,2
2.057073547116863,0.1645160904263349,1.8154050149476655,2.3475307515023998,0.5321257365547343,2
2.095297489277141,0.20465002025904977,1.8133696370950576,2.4217561711468747,0.6083865340518171,2
2.058345457699676,0.15501629669198413,1.820842159561503,2.3592126123562793,0.5383704527947764,2
2.110897708827727,0.14644399967097893,1.9421322988560652,2.430723453698457,0.4885911548423918,2
2.022196270680761,0.19127307849835906,1.7934598880220138,2.3383798668827147,0.5449199788607009,2
2.036994938283271,0.1918848199612392,1.6607744357800107,2.2699223977032426,0.6091479619232318,2
2.141780988567562,0.1854315758068443,1.7183995725753385,2.3786909055048864,0.6602913329295479,2
2.1220166856150486,0.2117775643788637,1.8186369981004924,2.433813905165266,0.6151769070647737,2
2.0745600032913036,0.168415474295845,1.80019680790832,2.3018943577191937,0.5016975498108738,2
2.0987674282723856,0.18919577526190676,1.7776865281794345,2.4711006629588526,0.693414134779418,2
2.1618206116026872,0.17213788440762662,1.8334445205040701,2.405606271877567,0.5721617513734967,2
2.0706028347969108,0.20690243185542032,1.6219391265061125,2.3460444351301577,0.7241053086240452,2
2.144287734400418,0.17465363868073447,1.933143637993075,2.5368193466760913,0.6036757086830162,2
2.1691845268893273,0.23153768822097529,1.7220701415807695,2.503055022092128,0.7809848805113584,2
2.119080699925797,0.14627035152034298,1.879546051908829,2.389461139878361,0.5099150879695322,2
2.1869260622090665,0.3043495057770862,1.6835802593622027,2.730411346902417,1.0468310875402145,2
1.9836891172478945,0.2504085057737707,1.6844376360287607,2.428675631160907,0.7442379951321461,2
2.012648716684069,0.19628731859528534,1.5591216736794449,2.226665365214248,0.667543691534803,2
2.0356422724359935,0.11460503729336162,1.8188873892287427,2.239233599431858,0.42034621020311524,2
2.1008166069439937,0.24671385602992751,1.7296314536850683,2.5339873176161087,0.8043558639310404,2
2.0037466770372347,0.2207280334909898,1.5321842681029145,2.291340637277132,0.7591563691742174,2
2.179521039158243,0.2132515655311548,1.7768226425179054,2.6629308888945107,0.8861082463766052,2
2.1384156283620213,0.1394518180214676,1.8960609360582288,2.3924391877435274,0.4963782516852986,2
2.0824705460241004,0.1497005844233712,1.8621535069845743,2.3107971542365755,0.44864364725200123,2
1.995748912781616,0.1429621642111486,1.6985086278509982,2.2144012556600945,0.5158926278090963,2
2.1496184785536654,0.20697051702352554,1.7176718898696486,2.4357349346745134,0.7180630448048648,2
2.111569282254039,0.16208794330529366,1.8802759149644377,2.3841008574542126,0.5038249424897749,2
2.1246503890489685,0.17204530699526935,1.7999556277106128,2.3713166771655967,0.5713610494549839,2
2.060532856275954,0.23676242150630172,1.7219979657634115,2.4259284262225598,0.7039304604591483,2
2.1294314613061873,0.19719546678424185,1.8808961222308875,2.4597450036702626,0.5788488814393751,2
2.1555999866240882,0.11179321796302821,2.022351389295692,2.3543784843877313,0.3320270950920392,2
2.0764573312773082,0.22700810315630154,1.5738539726341874,2.427671946454188,0.8538179738200007,2
2.1132613318161333,0.12262099114684713,1.9506153429859665,2.32555605012678,0.3749407071408133,2
2.069586770445503,0.15349225407913142,1.7327280432459207,2.2972753011811875,0.5645472579352668,2
2.0786098786130798,0.1700869027787723,1.7914393563514202,2.462681539703085,0.6712421833516646,2
2.0874373831292887,0.17801833778642456,1.9307280560226054,2.5698151573401518,0.6390871013175463,2
1.9745888912867033,0.302001051203216,1.4984735320612486,2.3568191587896234,0.8583456267283749,2
1.946778339357418,0.17988962327610677,1.5290746674191218,2.198812783795104,0.6697381163759824,2
2.072868474963484,0.21556535435451726,1.7281326456679886,2.471329487312391,0.7431968416444026,2
2.126918617069891,0.23276258723999513,1.6216087591373953,2.4737635681087706,0.8521548089713753,2
2.0879730610266356,0.2282906992893829,1.7858237085748176,2.390655095208509,0.6048313866336912,2
2.108740911503298,0.22346357540519957,1.7316204454084285,2.53924462843056,0.8076241830221316,2
2.12564341001867,0.1664146575315166,1.8816749655681795,2.3848991642493895,0.50322419868121,2
2.094317193580973,0.18073596828914348,1.7008936439096525,2.299526415384049,0.5986327714743966,2
1.9702712829449731,0.13599097119180026,1.6956402720076107,2.172794126170548,0.4771538541629372,2
2.179614658185773,0.2089035258110108,1.7976233160873574,2.518639586441989,0.7210162703546317,2
2.007184292243665,0.16794026727721692,1.7945664286820706,2.341321630972783,0.5467552022907125,2
1.9895055160958055,0.15343439418763938,1.7804255731010326,2.2463911005019694,0.4659655274009369,2
2.091835241151059,0.17069894046017295,1.7508585134280696,2.325581798650714,0.5747232852226445,2
2.137857762378163,0.18080297895463204,1.8846641745057973,2.439887196601742,0.5552230220959449,2
2.035414170877504,0.1936300970609188,1.687319369504109,2.250946659613562,0.5636272901094528,2
2.106984782036714,0.19889694237696925,1.7835646473307747,2.4896685289579628,0.7061038816271881,2
2.0676804329056773,0.18322501981804093,1.6927558994288128,2.243174548938192,0.5504186495093792,2
2.1302748867082193,0.17421552901469992,1.935077549913048,2.5195878678264862,0.5845103179134383,2
2.0516919662182405,0.2518121049621317,1.6256681278282217,2.508413930585576,0.8827458027573545,2
2.049294737856216,0.11518220934035563,1.8134657420520695,2.2170598873032676,0.4035941452511982,2
2.11533086008885,0.17449089391062206,1.8284964920316131,2.316011211827862,0.48751471979624883,2
2.15334331359995,0.11873280160192681,1.9241434435176026,2.3143859730423597,0.39024252952475713,2
1.945335007430788,0.2112371916602562,1.6003877965014122,2.2217810712509265,0.6213932747495143,2
2.0915449541086177,0.18635411469993018,1.8734430097464512,2.373940221530837,0.5004972117843858,2
2.0371343194445637,0.2013331075347288,1.6539063961751084,2.3346884553264893,0.6807820591513809,2
2.071986087635524,0.20045370422296566,1.7126494594995072,2.3993420814891966,0.6866926219896894,2
2.072607702102761,0.19356286355919428,1.7896975501882142,2.353530302237595,0.5638327520493809,2
2.201400933291298,0.16802136894687034,1.8687168366512288,2.4698724282772764,0.6011555916260476,2
2.195217302615439,0.15848316882681374,1.8211009862281478,2.3589971169633914,0.5378961307352437,2
2.0579217090263855,0.15386028599379323,1.7810488083673337,2.2762293441626738,0.49518053579534005,2
2.056635406099785,0.22494320055748582,1.6660645164548598,2.435475417561098,0.7694109011062382,2
1.3379723576030742,0.2775247500870476,0.845744063574347,1.6416654401425295,0.7959213765681825,3
1.2821381572392792,0.23998020663478492,0.9845523140929893,1.7702349632872785,0.7856826491942892,3
1.5489046029501767,0.3438653637266238,0.9142460073404692,2.1262727637719894,1.2120267564315201,3
1.4455408033890198,0.20725987971219245,1.0925341695302788,1.730824037114019,0.6382898675837403,3
1.3811835744904897,0.33615051601048906,0.7626198757469262,2.0808182759969265,1.3181984002500002,3
1.4431082577450716,0.27436951135443605,1.0480395185086868,1.887613440277217,0.8395739217685301,3
1.4448906366483634,0.35151093552260443,0.9697857407698542,2.001664214494637,1.0318784737247828,3
1.3743373175096942,0.30732348354497846,0.9880632605305111,2.0371903677796355,1.0491271072491244,3
1.4493068359494987,0.2745575787680384,1.0220551432764795,1.8175895310478596,0.7955343877713801,3
1.4298391181486778,0.33240604832466614,0.6399500083338433,1.8585671678283138,1.2186171594944706,3
1.4809903449460378,0.3046101347562027,1.0177504422999433,1.9722732380846317,0.9545227957846885,3
1.2918425872287203,0.42789986582984396,0.40687274551091734,1.9046807520306612,1.4978080065197439,3
1.5013621752350088,0.3093680941650852,1.08943468940048,2.004179290972471,0.9147446015719911,3
1.0499879475375928,0.44735759485060805,0.38001040356407056,1.693217477541306,1.3132070739772355,3
1.4380173225485815,0.35291603192615334,0.834150318768195,1.9657050149526707,1.1315546961844758,3
1.4732487645982613,0.29770310381530246,1.0706420547667672,2.1542250370840996,1.0835829823173324,3
1.432396084404976,0.2968444502947716,1.1003405557683874,1.9828731711682357,0.8825326153998483,3
1.4426163817816848,0.32066761249216086,0.8290327113540243,1.7870415732031493,0.9580088618491249,3
1.2571792593697695,0.287463678249114,0.8947385082405822,1.9148621417859863,1.020123633545404,3
1.4941298383519592,0.18242651585194689,1.2358042010263568,1.8453995570249992,0.6095953559986425,3
1.4382978260862578,0.2971997005756782,0.894178157455721,1.8924271610621126,0.9982490036063916,3
1.5820499958264478,0.2702202362623575,1.1870772323622318,2.2359301975046533,1.0488529651424214,3
1.3765705855733095,0.4172022235449626,0.2903509924426806,1.9574344993990094,1.6670835069563288,3
1.3305890165213206,0.2783643618295668,0.9222423716006776,1.7352438708878934,0.8130014992872159,3
1.436133446681628,0.2523407147206343,1.0198557952865066,1.9615186879080087,0.941662892621502,3
1.3931830098303284,0.28694149188541196,0.8759598241874743,1.8483288518333545,0.9723690276458802,3
1.403514121413828,0.29004538510407374,0.9555004909121434,1.7602945853343641,0.8047940944222207,3
1.2275866269327667,0.4653145649259224,0.28815366538139986,1.8208579367940751,1.5327042714126753,3
1.3359787523067634,0.4520934659414921,0.6683939854013952,2.3643262103019653,1.6959322249005702,3
1.2353480157074168,0.32282393711433893,0.6823748899505299,1.6587131731455487,0.9763382831950188,3
1.3093078963004483,0.30986531418709745,0.8414371109990603,1.8995568775012255,1.0581197665021653,3
1.3843060526502282,0.3214096134997024,0.7300789752943864,1.8621449034243418,1.1320659281299554,3
1.3906215950983971,0.20497514183570906,1.0322818373602696,1.723228015616579,0.6909461782563093,3
1.3489561721984011,0.3391246795958366,0.7310390879181236,1.8727983157446517,1.1417592278265283,3
1.3552156082376787,0.31684365334154124,0.6376260380939993,1.8082296909842381,1.1706036528902388,3
1.6078314466390657,0.47925221037302024,0.48131403026906083,2.2921533980512026,1.8108393677821417,3
1.2137780590878156,0.20852971754875968,0.8103663479707646,1.4668207834502986,0.6564544354795341,3
1.4413492238827221,0.46383831996213876,0.9309747751066227,2.476901129563176,1.5459263544565531,3
1.5347557337253757,0.28461359355632293,1.1016646318740637,1.9633322330215903,0.8616676011475266,3
1.2130038445810751,0.26425637637510285,0.8090231841760249,1.6348189368969062,0.8257957527208812,3
1.2794857535891269,0.24255719076701837,0.9962776509053256,1.7248859919705135,0.7286083410651879,3
1.5421865817147267,0.30337462784256874,0.954828349610547,1.8728899314953502,0.9180615818848032,3
1.4795517294609155,0.29460547207497545,0.9483035023188233,1.9823064912502155,1.0340029889313922,3
1.4861534210087572,0.4135019234693461,0.6330611520921516,1.9370687356280802,1.3040075835359286,3
1.4174629826918008,0.3071846883843554,0.9328862875814186,2.011847974192292,1.0789616866108735,3
1.5227219957567988,0.25761193982572955,0.9137454444261534,1.838596488668885,0.9248510442427317,3
1.3749338999898852,0.27200057780276793,1.0395658530103542,1.908464440794164,0.8688985877838098,3
1.230983638761042,0.44862281099339474,0.6228526468727059,1.9350617476893177,1.3122091008166117,3
1.5561824683575893,0.3346577657691077,0.9807117497739584,2.2372383723458973,1.256526622571939,3
1.4739826505187918,0.45317469995337856,0.665225307453341,2.489518570365344,1.8242932629120032,3
1.2990664512291543,0.29165495136509595,0.7715248895794947,1.7669689278677072,0.9954440382882125,3
1.4755550649255875,0.37913529375326277,0.6633376729983448,2.114762268687156,1.451424595688811,3
1.3403106479618723,0.3908861385125047,0.840211833231991,2.1969802743186566,1.3567684410866656,3
1.676610845877974,0.3826853977870563,0.9673524713893381,2.238026665203858,1.2706741938145196,3
1.3496495695034096,0.3675155771856736,0.6739297771442909,1.792651526677988,1.1187217495336972,3
1.364260516429918,0.22631907739226406,0.9741967185525016,1.6551722757508274,0.6809755571983258,3
1.4529125293624812,0.27415957980631495,0.9306273503444509,1.9626524072398284,1.0320250568953775,3
1.429685330532523,0.3047480161979747,0.8556191931555651,1.9173251644247553,1.0617059712691903,3
1.4454112565165498,0.3334763943399891,1.025760927185722,2.2136356570484863,1.1878747298627643,3
1.2737617153245453,0.35224043307469555,0.7627339027692943,1.9964357273206912,1.2337018245513969,3
1.4168800277043818,0.2151222485856905,1.0242089693787866,1.7600691469982181,0.7358601776194316,3
1.44613345974522,0.429885826838494,0.846150209091726,2.288783567974001,1.4426333588822753,3
1.3237331665488092,0.18327635926924613,0.9167904529351221,1.6412075599760174,0.7244171070408953,3
1.4157894852462665,0.2577348752941165,0.8462218916387327,1.6953438283746078,0.8491219367358751,3
1.4824843414304283,0.1871785600844668,1.1990647636507406,1.7618583692234728,0.5627936055727323,3
1.4795742094750541,0.45011201675223644,1.0044374446803608,2.4213607442710323,1.4169232995906715,3
1.3069803177569583,0.3010020867741065,0.673875986858771,1.7407677872997462,1.0668918004409753,3
1.2849839135271766,0.358496401937076,0.7514435309858508,2.0305005347432705,1.2790570037574196,3
1.3888929217670796,0.3382245097440509,0.715732930388601,2.0059093711185545,1.2901764407299536,3
1.3224606676144175,0.29101754165934435,0.753699433268454,1.7603041945744642,1.00660476130601,3
1.5042495034017125,0.3341224145391006,1.040946162910683,2.233599736106391,1.1926535731957078,3
1.3365962939117995,0.20600044807426482,0.9803670107021434,1.5765007486844953,0.5961337379823519,3
1.5418215423905668,0.41207578149595037,1.0243351887219865,2.4274802658147223,1.4031450770927358,3
1.5469777604308321,0.37448526319757985,0.910768082551496,2.123879114527038,1.2131110319755423,3
1.4176498882820918,0.2771965846445348,0.8544245517416554,1.7402199380089025,0.8857953862672471,3
1.1843578773592756,0.33665317988043275,0.8305482776966379,2.1079065806993182,1.2773583030026803,3
1.4513927490656622,0.31498463799650367,0.9324481585409853,1.8383892558602306,0.9059410973192453,3
1.411243721298109,0.4347272145542083,0.8853286570690623,2.3057681407357395,1.4204394836666774,3
1.54457805506453,0.3107141767268209,0.9740861513809415,1.9665756738813038,0.9924895225003624,3
1.490411777904873,0.31348974366393156,0.8763444153923725,1.9508069757942872,1.0744625604019147,3
1.364878760948653,0.23728240716415816,1.057440707291582,1.7787393095475992,0.7212986022560173,3
1.3315294852268567,0.24883422596102173,0.8714855758051617,1.8318034974176673,0.9603179216125056,3
1.3628068605714758,0.27615798997536356,0.7885865080290557,1.77946938541524,0.9908828773861842,3
1.3473468808303597,0.22361476368618305,1.1194653434634103,1.8176588520744938,0.6981935086110835,3
1.190532138155707,0.3952801777711047,0.6295647842921785,1.9862008855199225,1.356636101227744,3
1.3319434218456598,0.33994850461679604,0.7675355117738643,1.8067908591269832,1.039255347353119,3
1.388594896347794,0.3103295608659051,0.8758936659879879,1.956129114955429,1.080235448967441,3
1.3304742368208402,0.4524528835287231,0.6126986410297326,2.300198361123239,1.6874997200935062,3
1.2867706290560317,0.4240953482535495,0.6377112937318592,1.989583692111208,1.3518723983793488,3
1.3474297503812025,0.2976669551930365,0.7375332378434818,1.6811041599149075,0.9435709220714257,3
1.355448541798478,0.3008298251401001,0.8639626396647249,1.8025935885644035,0.9386309488996787,3
1.2211222017725178,0.2705674048055223,0.7084128450379331,1.7066608760925763,0.9982480310546432,3
1.3494365023315074,0.29715413502057625,0.7791106343607547,1.7373674269265518,0.9582567925657971,3
1.3979816276146775,0.2027705462672104,1.1598825850376868,1.8143956051189112,0.6545130200812244,3
1.3033439868532155,0.32584510321021565,0.9075698098203906,2.018859252570924,1.1112894427505335,3
1.4173287073597929,0.3286149940842501,1.0121606396093956,1.9966072326540818,0.9844465930446862,3
1.3761164079755601,0.2773522102845751,0.7114362275209019,1.7815642148571562,1.0701279873362544,3
1.501642627513957,0.27493786282390165,1.2249307640164013,1.9728589866407238,0.7479282226243225,3
1.4125103828580698,0.3693300098579775,0.565492623924989,2.085943039160636,1.520450415235647,3
1.4033090871443445,0.4332164381850099,0.6319661355629914,2.128931112738429,1.4969649771754376,3
1.274911633768968,0.34943619202298903,0.5138807393122152,1.6946232711744043,1.180742531862189,3
1.3938997298705313,0.33567964044919346,0.8683605767153398,1.818435985830348,0.9500754091150082,3
1.3337041914111256,0.22090929384584188,1.1002780186015786,1.791521316953974,0.6912432983523955,3
1.4952027928442633,0.4022936315558723,0.9686490662925998,2.275315174276998,1.3066661079843982,3
1.5991493296754566,0.4027008971889195,0.8150905796270772,2.1125557373136274,1.2974651576865504,3
1.4089510163062353,0.2562301042669352,0.8921752381110715,1.7671024496563765,0.8749272115453051,3
1.4289268182606312,0.2519799040333111,1.0340646800140814,1.780698649155253,0.7466339691411716,3
1.1900350983705477,0.22238413783849928,0.7149314938031035,1.4676828081734556,0.7527513143703521,3
1.5660584953593246,0.480477803724775,0.44130092785188446,2.0650939485088378,1.6237930206569533,3
1.361814237350991,0.26509222392829884,0.7900298091416356,1.793726390856134,1.0036965817144985,3
1.4136790328177145,0.21603300082738175,0.955166897617701,1.7396106706258982,0.7844437730081972,3
1.4082366360896643,0.3790650967543729,0.5062576413804356,2.0182791301146716,1.512021488734236,3
1.3962021782346983,0.33459509240080454,0.7772103743224728,2.000567670896443,1.2233572965739703,3
1.451354542701266,0.3098301109673959,1.0472309066001277,2.1296495224308556,1.0824186158307278,3
1.4391169729548392,0.4962329262160832,0.40843939845004096,1.9488638503345639,1.540424451884523,3
1.4313395313494817,0.2719643874551917,1.0934551577267113,1.8824635744088327,0.7890084166821214,3
1.2824655445464117,0.34966736457308223,0.7944080443304792,1.8668600109252003,1.0724519665947212,3
1.5684777774723349,0.4464354290649011,0.9383610255941213,2.388515706851066,1.4501546812569448,3
1.2253757292188374,0.26094429908032624,0.8770867723485872,1.8393010259312161,0.9622142535826289,3
1.3721448836789623,0.3227199360956782,0.7887366460473382,1.9988600832167756,1.2101234371694374,3
1.371323212231237,0.35101180647319663,0.6699726463832486,2.0645572434743333,1.3945845970910846,3
1.3689976075447587,0.2809053631553209,0.7332694410962763,1.6998580975146602,0.9665886564183839,3
1.2564683455935812,0.33300891178389425,0.6271017283201117,2.002754284232868,1.3756525559127561,3
1.4468129626547948,0.22325610709938068,1.1801496912907874,1.8942094074901372,0.7140597161993498,3
1.2362815321447187,0.2587693183355608,0.7808323936912104,1.52836124276229,0.7475288490710795,3
1.3332239961129617,0.30288452127903825,0.9254103792990126,1.8868403253004902,0.9614299460014776,3
1.2976779477479556,0.26048584349142695,0.8318161145205647,1.6192521353588805,0.7874360208383158,3
1.4494939788466863,0.29678373581128925,0.9440043327663391,2.0609529288649897,1.1169485960986507,3
1.4445984349882683,0.4089312375081281,0.7884724165621605,2.1343775160913614,1.345905099529201,3
1.3515143969271197,0.4860056685900525,0.5226999503121491,2.4844048019249403,1.961704851612791,3
1.4905259354512794,0.4584279498815333,0.5935258224196116,2.346059647541779,1.7525338251221676,3
1.3306121396338653,0.38952255658099116,0.547640683875989,1.9046798406834102,1.3570391568074212,3
1.3846388807331116,0.3087911418272814,0.8139356888413641,1.8767463412897776,1.0628106524484133,3
1.289622653378429,0.3273446987954594,0.7333638572870876,1.9055442682692805,1.1721804109821927,3
1.2658173836984534,0.47444756880309236,0.6566183460547672,2.4245445323656654,1.7679261863108982,3
1.139348285432199,0.29096509318162084,0.621749041221981,1.614316274900879,0.992567233678898,3
1.2873464459235744,0.30360120895972814,0.7721276103828129,1.8351920290155066,1.0630644186326936,3
1.3153129099807057,0.291379436802276,0.833769785164632,1.8448728641024617,1.0111030789378297,3
1.1957994274635417,0.4760121274686143,0.5587159896148143,1.9852930664341346,1.4265770768193202,3
1.3883033459139429,0.3649045703911535,0.8500966771087408,1.7821318686761258,0.932035191567385,3
1.2154902088517765,0.4660142985620615,0.3851701420460314,1.9849716514031166,1.5998015093570852,3
1.379893381202711,0.3246096891453417,0.7442955436158841,1.840166669725776,1.0958711261098917,3
1.4682464702875162,0.3027968948537245,0.7866680167006511,1.8382992816848238,1.0516312649841728,3
1.4442326726003079,0.49869665441952155,0.5900845768999631,2.1810246188597118,1.5909400419597488,3
1.2822934994450788,0.3714783221826371,0.8166328076237808,1.8080707820893278,0.991437974465547,3
1.5306077229079507,0.2621263023092574,1.149199279051563,2.1188365415303085,0.9696372624787455,3
1.5143381463698458,0.3585278997642106,0.91857118865094,2.1368541003104093,1.2182829116594693,3
1.481184486112547,0.3419667187534663,0.6461942991729884,1.9786583730124856,1.332464073839497,3
1.5160292236651198,0.3584307321647688,1.0505457014931485,2.0969796464459165,1.046433944952768,3
1.4221394425075,0.28825864937717055,0.9739086722760668,1.8034268361415922,0.8295181638655253,3
